id,label
de9b29c59025,0
a3d07314d0b4,0
279681d088dd,0
beae8614bac3,0
6c35fa367f13,0
7a54e6277f68,0
882bf9aa1e6b,0
7a48b885697b,0
c58a4f3bb195,0
b0561423d9d8,0
bf40e412a1e9,0
2dc75852cb0d,0
1c505722c9d2,0
e60c37af3bb7,0
7a13dde91210,0
ebfbda0f2c2c,0
c2bb8bfc2fd3,0
1e7f32b64d37,0
3963ef70e598,0
a0e88fb8e326,0
9b927ea73c8f,0
a85b01cb9b41,0
f0a0bb390ea8,0
83fe96ce258c,0
5d7abab0d94a,0
aea912e4b006,0
2313324d1caa,0
d4a12e809308,0
4c4a7bbe3d7f,0
4fc6bc232e51,0
b4d20828a7dd,0
97c8aebea807,0
f428e4859bbd,0
ee693fc011ff,0
1bcb168d622d,0
18df72a504d6,0
9a3b852e2fe2,0
d9427a1c4d89,0
6109a5547bdd,0
eda620e59bdf,0
5429c782b27c,0
528a19a97711,0
b48273d2c2ff,0
ee175d86ec42,0
2d24f97b6ebe,0
00411801b119,0
4413cf78fce0,0
4195ac495888,0
9d17f3e63301,0
97c7bb64e936,0
c913e423df59,0
4d4352254850,0
0bfd08e5005d,0
16bfcccd642d,0
10b244d6fcba,0
3a51e3e6d067,0
be74e9c630b9,0
4721fedb99a4,0
23647eda7647,0
7b38c53e28a4,0
c47db9bf96d0,0
7bb36c1d5757,0
70c3bdadd9c3,0
a32ccf1bf0d7,0
e13f8824a8e9,0
104dbed7fd8b,0
0b1979034edf,0
baf269b50acd,0
ee206e5f40c8,0
5f81cea1dcb2,0
3291b18b663d,0
4803a433b97d,0
f7751d8a3d72,0
2fb50c4ebfcc,0
3747bc1fa3b3,0
cada54343e4d,0
0f8535c6caa6,0
5ba12056bb55,0
dc30e1debcdf,0
15d7ade19a48,0
65dfb349fe73,0
b60c307bc2f5,0
c6b240d3c903,0
9db4f7ba76a3,0
d72d15e74ad0,0
9e5bea67e232,0
86ddc4d3acfe,0
bd1517290f20,0
2b90b7d59a97,0
e109375f810d,0
164e83400c73,0
ccc12a366e53,0
faaa947b9606,0
52dbff283b57,0
2b3719f5defc,0
6b1df763c6f7,0
1c1d9f1392a9,0
ce807e975a48,0
e2f30594a4c0,0
6e59b24f8648,0
768a0f913cf8,0
06874f742505,0
6c5d6dd1e3e5,0
a190b60f4656,0
612345371d21,0
6f79fd408d6b,0
ee1deac6c432,0
fcab6400e386,0
75e1dc07c4ff,0
9f93925afabc,0
94de208b6647,0
c134f7253bbc,0
429d87cba0e7,0
896905d2a0c4,0
c46d2ea4d739,0
525b2fa40082,0
66adcb88f051,0
67c0d56059bc,0
03fe708e027f,0
046088b3d64a,0
c5bd654f4c19,0
24db91e4cfd5,0
1bb175cc6db8,0
7a4c478aed61,0
c38264f5adc3,0
3b32fd8e36d7,0
545d5367f458,0
e79d9eed3129,0
b42b29a791b3,0
5e90c82fbf73,0
b71e116ef3ad,0
5861e6b31e02,0
544450d89f12,0
a4ee6f00fb2e,0
a63fe760f370,0
fe7c33824af4,0
43dc00b520e3,0
fdcd27361f95,0
6c8fab3eff2d,0
638428b897ef,0
72ad41487456,0
cd5500d17036,0
6d21708b0d26,0
12703354a3f3,0
6aa3802ea67e,0
5a9c3477c749,0
782d08135520,0
9845d4208083,0
f1d36ff91d60,0
feeb20ab3488,0
a63ec7fd8e4a,0
498aeb10a025,0
194a6da8c8db,0
b1712620d815,0
b6622fceb616,0
dbbf249fdc81,0
692931192b17,0
315001da7bab,0
8da5773d0003,0
6c51379dc3a3,0
7977dfa2a989,0
c726783b7096,0
9994c7780948,0
cfe7212abd07,0
dbcd20d956c2,0
96cd12c0e631,0
6e55ce2a1ba5,0
a3bd0c3f63e4,0
df51d516f255,0
4da93d477bf7,0
50bd80bad97a,0
3af0deb5f18d,0
f0f74f69bcb7,0
460c34562e5b,0
c85451918749,0
ca131958bf47,0
3f699efcba85,0
0e053d92b915,0
26c5556bacb8,0
a21efec829b8,0
05b2a9697542,0
c8d93b5b1800,0
807e266f11d1,0
d91760f6f567,0
725590e58399,0
ffdf0ab29fa8,0
9df0a8cd2bc5,0
d9aa3562e442,0
20dfe7d7da5e,0
ba4ca4221f86,0
591dcc349b60,0
0c4f82c752be,0
4ab1a35e3f04,0
59ed49c5f4ed,0
2304578c9a30,0
aca4e6a90114,0
d6e055b96031,0
12523c28a9c9,0
1e420b9dad4c,0
a25b8eb21683,0
3d32edbf8a0d,0
372e4b7a110e,0
bef282007de0,0
a095eca6cf68,0
14f6d6ca61b9,0
94dffb5115a9,0
7201824a135e,0
6b5869564cf7,0
f27539551e7e,0
41657f05bdb0,0
0f18fc396254,0
9f04ec589772,0
c14ffff5cbfb,0
6ef7bb444834,0
5bfc316ae16d,0
9639f2dc1ab9,0
ca7d61f909c1,0
7c22c0eb78ef,0
6d7591cb3f73,0
ca8e88e241e5,0
fccd32f0337e,0
519be739a4a9,0
9ddbb1241524,0
54ab86980ad3,0
fe8ef3c709dc,0
467e1ced86fa,0
09955c5751ae,0
609ff0a7f1f9,0
ddc551879fd8,0
c52c045c094d,0
1791803e199b,0
b62f12f31a2e,0
593241f0cf41,0
355632ec230e,0
f81e2e3ab65e,0
5acc3f24be57,0
81889029db12,0
d4c3005886db,0
41c5d4f60ec5,0
b2366ef53943,0
f729c2d75568,0
4cec6ed58fea,0
de2122086680,0
38fed3b1b9a2,0
9f4bd659e4ec,0
4d2f4595bb97,0
ddafcb3faa66,0
18d5c0bf6a97,0
4a517596f28d,0
b3c999a2cf76,0
58aa9e0992e0,0
e127272c8e94,0
b7577ae51643,0
1e846f0d5b80,0
7ad47123675b,0
ae1ecc82ffb7,0
593f888c55b2,0
87b1d9cff2ef,0
85cb87f18b50,0
00897b520bf8,0
597811edefaf,0
91b4366fc98c,0
e18f23af7135,0
ec208ad13796,0
2be4d4a235c6,0
70e3345033f6,0
b1b9d584a88d,0
8be930c7923a,0
9a016954ebd9,0
05a4504ee100,0
b526af869be0,0
ff46dd28e819,0
a4f626b7426b,0
cd3ff4a845b0,0
8c69ae1eaa45,0
02109c1f0e8f,0
cbf9bd215ef9,0
8f546730acdb,0
2ace021d3f11,0
a1347d9a48d4,0
d90debfe9518,0
201b57ad003b,0
eb1fce06bd1f,0
81f9ce9c94d0,0
6d082210d9e1,0
74f5e14fb228,0
9105683a2348,0
9b0fd3f95323,0
3c288d85eff0,0
7958073bb393,0
3acb5698323d,0
411610350570,0
198e99b32ee7,0
47b0beba644c,0
5290d1722718,0
9b62ade0da24,0
eb111f957553,0
ca5d8c48031d,0
1aa345965255,0
2c700c32ed33,0
d65f9ca2c429,0
26c6798a12fb,0
770d1f7e5b48,0
8ccebc7a6297,0
f72e22ffa3bc,0
130f8babf36a,0
19ed74a001f4,0
1298ad3b7643,0
0741c563c034,0
07098e614e94,0
8e8f3fcd1ae6,0
788a6f1c72e6,0
3634ef13643f,0
4a44f55283f4,0
dd2772002ddc,0
b6e4137e87ef,0
c83c766abc0d,0
43854fe7e974,0
64e63e4f73fd,0
e521079f0186,0
703be5b3e861,0
be63529972cd,0
8ed9c347d61c,0
098616ca6594,0
fe8fc7a30edb,0
b581f9a3a553,0
ac2b025020c0,0
7bdbee7e2d31,0
fa616e8179ea,0
993d76bbe838,0
e46a04899dd4,0
6e70b55273e1,0
59b3c8bd4a14,0
5d7a1b413ce3,0
fc729ffaa502,0
cd94cb835835,0
644229ad8a4a,0
274734983fc7,0
65d5c44eb850,0
4fd8e613e2f9,0
7a3331cb9712,0
42525bcf7dc1,0
8b89cc13b14c,0
cfc27d911b0c,0
329fb2e8c0e3,0
31972f957473,0
b62c9456f979,0
fd9b56868400,0
45fc2b860ca3,0
ffde14c8be20,0
403a2b6e1739,0
d695eaa5b908,0
7eeea452b7fd,0
4f04a884683a,0
d3b44803b4c4,0
2185c6f74988,0
5fe6b1f02f4a,0
2d2d53c3f2f2,0
2af07832c5e0,0
13dd4dab60dc,0
e535d0f0fb28,0
611da6326f04,0
fb8545fa75bc,0
02f47d70e950,0
29ef665f9f05,0
d8e3caf69d3b,0
405b88d4f579,0
9dfcb99c2e28,0
d28487ce8a3e,0
f992f766007d,0
110c77edbf46,0
754635559020,0
edc410e03414,0
6dfbcf70edd6,0
1d223b6232b8,0
3b71ee85e2fc,0
c2c0824de32b,0
34c2354d39a4,0
7f63dfd8535b,0
944ff8b685be,0
f4234dd90335,0
15726f1c1724,0
4bf8b66dbe15,0
39a14f88c3a7,0
2a2a0afce69a,0
5c44a4a772c1,0
072b7e3f9102,0
addc7f6ab1a5,0
cd3a647d3b7e,0
596b326e78ea,0
a2d6ec660423,0
e4251981bedb,0
09f44fbbc707,0
5b7e872431f9,0
5bda77fb55da,0
5e5e960c0a3e,0
c6960059afb5,0
d31a2007d9fb,0
89e41f4eb73b,0
a7381139da09,0
c16fb3b80914,0
049054913120,0
862d455ca6de,0
ec9de2ca1f6e,0
b86bb1e098ca,0
6e4b1fc46677,0
a218cd11555a,0
f147261b16e3,0
6e6d5301ba2a,0
d45cc12f2b8b,0
2c0a35f2355f,0
c984ffac2bbb,0
802a1544b729,0
527ad6bc04fb,0
dbe1549761e0,0
fc2f1f70d50a,0
898042c369b2,0
f67a9c08e053,0
c8b77dec87a3,0
b6f6088ce862,0
aeca7a5a0c13,0
8c4e5fc1163e,0
ddd9186ceebf,0
e6eb5dac4fe3,0
2eaf35c8c270,0
5ee8675cec6d,0
3555ce3d9486,0
2bbeb6e1a822,0
ad1f354a138b,0
9d0477e59883,0
5f58a02db8c3,0
5f5e12b0af36,0
3a62cb914e58,0
3553d1648259,0
69524201bb03,0
80da286e2f0a,0
3be2e5de1947,0
3f68160e76fc,0
4b645f60f4b6,0
4d69cbac6fad,0
efd72ca30e13,0
7d68546d0415,0
fad496b5ca40,0
9f3b7603e7c0,0
6e4bee32368f,0
be7699869395,0
fa776b160e83,0
815d2fb70a52,0
22a7388da798,0
fb5629971270,0
1e349eb7326a,0
c27a726137ab,0
909ae70a739e,0
5ad274734ae0,0
db9e7c63e976,0
08dceac577c9,0
c46f4c11b76f,0
8acb61042775,0
b755246eb327,0
a8402c4b2d9f,0
ab7fff19a3a7,0
675632deb291,0
3c0b28656d20,0
6c121d4cb373,0
05f9a69ac8b0,0
a136b4937027,0
d60ced8542c5,0
0d92d689a7f2,0
8b0fa6ae7b05,0
55a61480f49f,0
0995edd22f8a,0
601a33682a11,0
e1bac40429a7,0
e5a6c285b0e5,0
0f6cbbdfbcab,0
ca600c207127,0
72facc77090f,0
80355a59594e,0
98e29611dc39,0
43c63f81815e,0
79080f3e67fa,0
b6120ec285df,0
5b80c004656f,0
a5be36abbc77,0
16bd0460e6d1,0
5d2b16d812fd,0
68e74a92278a,0
f80616f8089d,0
459b35cb4b1b,0
4708fa1157f1,0
