writer,crop,source_stem,score,matched
csb,20260828_211817.png,csb_0104,0.9649,True
csb,20260828_211853.png,csb_0103,0.8927,True
csb,20260828_212012.png,csb_0101,0.9519,True
csb,20260828_212054.png,csb_0100,0.9397,True
csb,20260828_212109.png,csb_0100,0.883,True
csb,20260828_212132.png,csb_0100,0.9244,True
csb,20260828_212149.png,csb_0100,0.9127,True
csb,20260828_212209.png,csb_0100,0.9027,True
csb,20260828_212233.png,csb_0099,0.9879,True
csb,20260828_212302.png,csb_0099,0.8537,True
csb,20260828_212320.png,csb_0099,0.8798,True
csb,20260828_212334.png,csb_0099,0.9747,True
csb,20260828_212350.png,csb_0099,0.9164,True
csb,20260828_212412.png,csb_0098,0.8546,True
csb,20260828_212430.png,csb_0098,0.9446,True
csb,20260828_212449.png,csb_0098,0.9859,True
csb,20260828_212508.png,csb_0098,0.9273,True
csb,20260828_212544.png,csb_0097,0.9468,True
csb,20260828_212633.png,csb_0096,0.8806,True
csb,20260828_212657.png,csb_0096,0.9647,True
csb,20260828_212804.png,csb_0096,0.8492,True
csb,20260828_212902.png,csb_0067,0.427,False
csb,20260828_212928.png,csb_0095,0.9208,True
csb,20260828_212954.png,csb_0095,0.936,True
csb,20260828_213018.png,csb_0095,0.9588,True
csb,20260828_213104.png,csb_0094,0.9307,True
csb,20260828_213410.png,csb_0093,0.5334,False
csb,20260828_213438.png,csb_0093,0.9004,True
csb,20260828_213525.png,csb_0092,0.8359,True
csb,20260828_213644.png,csb_0090,0.8285,True
csb,20260828_213728.png,csb_0089,0.8787,True
csb,20260828_213756.png,csb_0089,0.947,True
csb,20260828_213821.png,csb_0089,0.9576,True
csb,20260828_213849.png,csb_0088,0.4934,False
csb,20260828_213912.png,csb_0088,0.9678,True
csb,20260828_213929.png,csb_0088,0.9303,True
csb,20260828_213943.png,csb_0088,0.9284,True
csb,20260828_214001.png,csb_0088,0.9406,True
csb,20260828_214020.png,csb_0088,0.9421,True
csb,20260828_214101.png,csb_0087,0.8939,True
csb,20260828_214125.png,csb_0087,0.8541,True
csb,20260828_214145.png,csb_0087,0.9182,True
csb,20260828_214203.png,csb_0087,0.9494,True
csb,20260828_214222.png,csb_0087,0.9803,True
csb,20260828_214249.png,csb_0087,0.9737,True
csb,20260828_214457.png,csb_0083,0.8826,True
csb,20260828_214521.png,csb_0083,0.9072,True
csb,20260828_214542.png,csb_0083,0.8959,True
csb,20260828_214626.png,csb_0082,0.9301,True
csb,20260828_214649.png,csb_0082,0.8705,True
csb,20260828_214735.png,csb_0081,0.9288,True
csb,20260828_214804.png,csb_0081,0.9479,True
csb,20260828_214855.png,csb_0080,0.9394,True
csb,20260828_214920.png,csb_0080,0.9594,True
csb,20260828_214947.png,csb_0080,0.8927,True
csb,20260828_215008.png,csb_0080,0.8926,True
csb,20260828_215033.png,csb_0080,0.9633,True
csb,20260828_215140.png,csb_0078,0.8958,True
csb,20260828_215201.png,csb_0078,0.9162,True
csb,20260828_215221.png,csb_0078,0.8821,True
csb,20260828_215242.png,csb_0078,0.9293,True
csb,20260828_215350.png,csb_0076,0.9183,True
csb,20260828_215417.png,csb_0076,0.9664,True
csb,20260828_215441.png,csb_0076,0.8873,True
csb,20260828_215615.png,csb_0075,0.8936,True
csb,20260828_215706.png,csb_0074,0.9306,True
csb,20260828_215726.png,csb_0074,0.9075,True
csb,20260828_215758.png,csb_0073,0.959,True
csb,20260828_215817.png,csb_0073,0.9309,True
csb,20260828_215837.png,csb_0073,0.8817,True
csb,20260828_215904.png,csb_0073,0.9612,True
csb,20260828_215923.png,csb_0073,0.9119,True
csb,20260828_220031.png,csb_0072,0.9437,True
csb,20260828_220116.png,csb_0070,0.9323,True
csb,20260828_220159.png,csb_0070,0.4328,False
csb,20260828_220232.png,csb_0069,0.9785,True
csb,20260828_220251.png,csb_0069,0.8575,True
csb,20260828_220311.png,csb_0069,0.9731,True
csb,20260828_220358.png,csb_0067,0.6135,True
csb,20260828_220445.png,csb_0067,0.9454,True
csb,20260828_220545.png,csb_0066,0.8971,True
csb,20260828_220605.png,csb_0066,0.9443,True
csb,20260828_220632.png,csb_0066,0.9053,True
csb,20260828_220708.png,csb_0066,0.9614,True
csb,20260828_220729.png,csb_0066,0.965,True
csb,20260828_220801.png,csb_0066,0.9611,True
csb,20260828_220843.png,csb_0065,0.9181,True
csb,20260828_220909.png,csb_0065,0.9708,True
csb,20260828_220936.png,csb_0065,0.8968,True
csb,20260828_220958.png,csb_0065,0.9587,True
csb,20260828_221107.png,csb_0063,0.9792,True
csb,20260828_221156.png,csb_0062,0.8504,True
csb,20260828_221227.png,csb_0062,0.942,True
csb,20260828_221252.png,csb_0061,0.9829,True
csb,20260828_221323.png,csb_0075,0.5024,False
csb,20260828_221346.png,csb_0061,0.8897,True
csb,20260828_221409.png,csb_0061,0.8105,True
csb,20260828_221430.png,csb_0061,0.8427,True
csb,20260828_221453.png,csb_0061,0.8995,True
csb,20260828_221535.png,csb_0060,0.8311,True
csb,20260828_221559.png,csb_0060,0.8097,True
csb,20260828_221658.png,csb_0059,0.956,True
csb,20260828_221719.png,csb_0059,0.9703,True
csb,20260828_221811.png,csb_0057,0.8786,True
csb,20260828_221913.png,csb_0055,0.9066,True
csb,20260828_222009.png,csb_0052,0.912,True
csb,20260828_222031.png,csb_0052,0.8917,True
csb,20260828_222113.png,csb_0050,0.9211,True
csb,20260828_222144.png,csb_0049,0.9697,True
csb,20260828_222236.png,csb_0045,0.8578,True
csb,20260828_222506.png,csb_0035,0.8651,True
csb,20260828_222524.png,csb_0035,0.9025,True
csb,20260828_222600.png,csb_0042,0.9314,True
csb,20260828_222707.png,csb_0033,0.8261,True
csb,20260828_222818.png,csb_0030,0.89,True
csb,20260828_223221.png,csb_0006,0.9198,True
csh,20260828_223506.png,csh_0114,0.9076,True
csh,20260828_223523.png,csh_0114,0.8214,True
csh,20260828_223602.png,csh_0113,0.8673,True
csh,20260828_223640.png,csh_0112,0.8224,True
csh,20260828_223659.png,csh_0112,0.8379,True
csh,20260828_223718.png,csh_0112,0.8465,True
csh,20260828_223740.png,csh_0112,0.7854,True
csh,20260828_223804.png,csh_0112,0.9225,True
csh,20260828_223823.png,csh_0112,0.859,True
csh,20260828_223851.png,csh_0112,0.8566,True
csh,20260828_223920.png,csh_0112,0.9306,True
csh,20260828_223942.png,csh_0112,0.8046,True
csh,20260828_224011.png,csh_0112,0.9621,True
csh,20260828_224046.png,csh_0111,0.8319,True
csh,20260828_224108.png,csh_0111,0.9015,True
csh,20260828_224129.png,csh_0111,0.7755,True
csh,20260828_224150.png,csh_0111,0.8359,True
csh,20260828_224228.png,csh_0110,0.785,True
csh,20260828_224301.png,csh_0110,0.9239,True
csh,20260828_224325.png,csh_0110,0.7879,True
csh,20260828_224346.png,csh_0110,0.9589,True
csh,20260828_224413.png,csh_0110,0.8767,True
csh,20260828_224444.png,csh_0109,0.936,True
csh,20260828_224505.png,csh_0109,0.847,True
csh,20260828_224527.png,csh_0109,0.9006,True
csh,20260828_224547.png,csh_0109,0.9205,True
csh,20260828_224618.png,csh_0109,0.8837,True
csh,20260828_224647.png,csh_0108,0.7774,True
csh,20260828_224710.png,csh_0108,0.7432,True
csh,20260828_224736.png,csh_0108,0.8919,True
csh,20260828_224800.png,csh_0108,0.9307,True
csh,20260828_224833.png,csh_0108,0.9507,True
csh,20260828_224901.png,csh_0108,0.8583,True
csh,20260828_224928.png,csh_0107,0.9214,True
csh,20260828_224944.png,csh_0107,0.7052,True
csh,20260828_225006.png,csh_0107,0.8155,True
csh,20260828_225032.png,csh_0107,0.9543,True
csh,20260828_225055.png,csh_0107,0.8234,True
csh,20260828_225146.png,csh_0106,0.8209,True
csh,20260828_225219.png,csh_0106,0.7296,True
csh,20260828_225300.png,csh_0105,0.7916,True
csh,20260828_225319.png,csh_0105,0.7441,True
csh,20260828_225355.png,csh_0105,0.8264,True
csh,20260828_225500.png,csh_0102,0.833,True
csh,20260828_225538.png,csh_0101,0.9384,True
csh,20260828_225611.png,csh_0100,0.8825,True
csh,20260828_225643.png,csh_0099,0.9248,True
csh,20260828_225714.png,csh_0099,0.8394,True
csh,20260828_225737.png,csh_0099,0.8741,True
csh,20260828_225757.png,csh_0099,0.7949,True
csh,20260828_225820.png,csh_0099,0.8002,True
csh,20260828_225915.png,csh_0098,0.8681,True
csh,20260828_225932.png,csh_0098,0.8233,True
csh,20260828_230021.png,csh_0096,0.9577,True
csh,20260828_230124.png,csh_0094,0.9062,True
csh,20260828_230151.png,csh_0093,0.8998,True
csh,20260828_230247.png,csh_0091,0.8878,True
csh,20260828_230342.png,csh_0089,0.9523,True
csh,20260828_230416.png,csh_0088,0.9918,True
csh,20260828_230442.png,csh_0088,0.8507,True
csh,20260828_230745.png,csh_0061,0.7772,True
csh,20260828_230808.png,csh_0061,0.7842,True
csh,20260828_230833.png,csh_0061,0.9061,True
csh,20260828_230909.png,csh_0060,0.9448,True
csh,20260828_230926.png,csh_0060,0.9069,True
csh,20260828_231045.png,csh_0058,0.858,True
csh,20260828_231114.png,csh_0058,0.7443,True
csh,20260828_231144.png,csh_0057,0.7513,True
csh,20260828_231205.png,csh_0057,0.7954,True
csh,20260828_231251.png,csh_0056,0.8536,True
csh,20260828_231308.png,csh_0056,0.8984,True
csh,20260828_231555.png,csh_0049,0.8986,True
csh,20260828_231621.png,csh_0048,0.8532,True
csh,20260828_231706.png,csh_0046,0.9483,True
csh,20260828_231844.png,csh_0043,0.857,True
csh,20260828_231915.png,csh_0043,0.9294,True
csh,20260828_232113.png,csh_0036,0.9237,True
csh,20260828_232717.png,csh_0004,0.8773,True
ehj,20260829_000638.png,ehj_0100,0.9579,True
ehj,20260829_000700.png,ehj_0099,0.9168,True
ehj,20260829_000723.png,ehj_0099,0.8834,True
ehj,20260829_000759.png,ehj_0098,0.9545,True
ehj,20260829_000832.png,ehj_0096,0.9371,True
ehj,20260829_000846.png,ehj_0096,0.8681,True
ehj,20260829_000934.png,ehj_0093,0.9817,True
ehj,20260829_000951.png,ehj_0093,0.9593,True
ehj,20260829_001035.png,ehj_0090,0.8664,True
ehj,20260829_001116.png,ehj_0088,0.9695,True
ehj,20260829_001258.png,ehj_0080,0.9538,True
ehj,20260829_001313.png,ehj_0080,0.9219,True
ehj,20260829_001551.png,ehj_0065,0.9184,True
ehj,20260829_001743.png,ehj_0056,0.8987,True
ehj,20260829_001834.png,ehj_0050,0.9297,True
ehj,20260829_001846.png,ehj_0050,0.9191,True
ehj,20260829_002140.png,ehj_0035,0.994,True
ehj,20260829_002154.png,ehj_0035,0.9776,True
ehj,20260829_002208.png,ehj_0035,0.9886,True
ehj,20260829_002357.png,ehj_0029,0.9098,True
ehj,20260829_002458.png,ehj_0026,0.9857,True
ehj,20260829_002521.png,ehj_0025,0.889,True
ehj,20260829_002552.png,ehj_0024,0.9668,True
ehj,20260829_002613.png,ehj_0023,0.919,True
ehj,20260829_002650.png,ehj_0020,0.9935,True
ehj,20260829_002703.png,ehj_0020,0.9428,True
ehj,20260829_002910.png,ehj_0011,0.8986,True
ehj,20260829_003000.png,ehj_0008,0.9076,True
ehj,20260829_003116.png,ehj_0001,0.9225,True
ehj,20260829_003130.png,ehj_0001,0.9592,True
lc,20260828_232810.png,lc_0093,0.837,True
lc,20260828_232900.png,lc_0092,0.8787,True
lc,20260828_233106.png,lc_0092,0.859,True
lc,20260828_233140.png,lc_0091,0.9502,True
lc,20260828_233205.png,lc_0072,0.6084,True
lc,20260828_233234.png,lc_0090,0.9024,True
lc,20260828_233324.png,lc_0086,0.4046,False
lc,20260828_233442.png,lc_0071,0.317,False
lc,20260828_233519.png,lc_0072,0.3402,False
lc,20260828_233640.png,lc_0081,0.8258,True
lc,20260828_233818.png,lc_0080,0.859,True
lc,20260828_233841.png,lc_0080,0.9295,True
lc,20260828_234027.png,lc_0074,0.937,True
lc,20260828_234051.png,lc_0072,0.3733,False
lc,20260828_234143.png,lc_0072,0.4048,False
lc,20260828_234312.png,lc_0068,0.9766,True
lc,20260828_234435.png,lc_0088,0.6772,True
lc,20260828_234512.png,lc_0064,0.9452,True
lc,20260828_234527.png,lc_0086,0.5984,True
lc,20260828_234609.png,lc_0093,0.398,False
lc,20260828_234621.png,lc_0063,0.9415,True
lc,20260828_234748.png,lc_0062,0.9422,True
lc,20260828_234816.png,lc_0061,0.9161,True
lc,20260828_234853.png,lc_0060,0.941,True
lc,20260828_234928.png,lc_0060,0.9675,True
lc,20260828_235005.png,lc_0060,0.9675,True
lc,20260828_235102.png,lc_0088,0.6175,True
lc,20260828_235132.png,lc_0083,0.6582,True
lc,20260828_235216.png,lc_0057,0.9741,True
lc,20260828_235303.png,lc_0056,0.9168,True
lc,20260828_235428.png,lc_0051,0.9104,True
lc,20260828_235453.png,lc_0050,0.8977,True
lc,20260829_000246.png,lc_0093,0.3684,False
lc,20260829_000444.png,lc_0077,0.6229,True
lc,20260829_000555.png,lc_0002,0.957,True
sj,20260829_014159.png,sj_0075,0.7277,True
sy,20260829_015258.png,sy_0052,0.9473,True
sy,20260829_015313.png,sy_0052,0.9054,True
sy,20260829_015324.png,sy_0052,0.8595,True
sy,20260829_015345.png,sy_0051,0.8715,True
sy,20260829_015359.png,sy_0051,0.8765,True
sy,20260829_015427.png,sy_0051,0.9467,True
sy,20260829_015447.png,sy_0050,0.9493,True
sy,20260829_015502.png,sy_0050,0.9344,True
sy,20260829_015524.png,sy_0049,0.8367,True
sy,20260829_015542.png,sy_0049,0.8793,True
sy,20260829_015608.png,sy_0048,0.9602,True
sy,20260829_015632.png,sy_0048,0.9621,True
sy,20260829_015653.png,sy_0047,0.8579,True
sy,20260829_015715.png,sy_0047,0.8945,True
sy,20260829_015744.png,sy_0046,0.8486,True
sy,20260829_015818.png,sy_0045,0.8783,True
sy,20260829_015843.png,sy_0044,0.831,True
yh,20260829_003721.png,yh_0013,0.8975,True
yh,20260829_003745.png,yh_0012,0.9766,True
yh,20260829_003839.png,yh_0010,0.8999,True
yh,20260829_003856.png,yh_0010,0.3183,False
yh,20260829_003931.png,yh_0009,0.9781,True
yh,20260829_003957.png,yh_0007,0.9671,True
yh,20260829_004019.png,yh_0006,0.9571,True
yh,20260829_004041.png,yh_0005,0.9785,True
yh,20260829_004053.png,yh_0005,0.9905,True
yh,20260829_004112.png,yh_0005,0.9375,True
yh,20260829_004136.png,yh_0004,0.9269,True
yh,20260829_004203.png,yh_0004,0.9567,True
yh,20260829_004217.png,yh_0004,0.9771,True
yh,20260829_004230.png,yh_0004,0.942,True
yh,20260829_004247.png,yh_0004,0.9797,True
yh,20260829_004300.png,yh_0004,0.9234,True
yh,20260829_004323.png,yh_0031,0.3327,False
yh,20260829_004352.png,yh_0017,0.2942,False
yh,20260829_004427.png,yh_0030,0.3155,False
yh,20260829_004500.png,yh_0001,0.9464,True
ys,20260829_005856.png,ys_0045,0.9161,True
ys,20260829_005911.png,ys_0045,0.9645,True
ys,20260829_005925.png,ys_0045,0.9789,True
ys,20260829_010000.png,ys_0045,0.9757,True
ys,20260829_010018.png,ys_0045,0.8536,True
ys,20260829_010031.png,ys_0045,0.9447,True
ys,20260829_010136.png,ys_0044,0.8862,True
ys,20260829_010151.png,ys_0044,0.874,True
ys,20260829_010204.png,ys_0044,0.8705,True
ys,20260829_010217.png,ys_0044,0.9915,True
ys,20260829_010229.png,ys_0044,0.8822,True
ys,20260829_010245.png,ys_0044,0.9287,True
ys,20260829_010307.png,ys_0044,0.9341,True
ys,20260829_010329.png,ys_0044,0.8987,True
ys,20260829_010408.png,ys_0043,0.9456,True
ys,20260829_010429.png,ys_0043,0.9603,True
ys,20260829_010440.png,ys_0043,0.9096,True
ys,20260829_010454.png,ys_0043,0.9413,True
ys,20260829_010511.png,ys_0043,0.925,True
ys,20260829_010530.png,ys_0043,0.9744,True
ys,20260829_010548.png,ys_0043,0.9394,True
ys,20260829_010615.png,ys_0043,0.7672,True
ys,20260829_010631.png,ys_0043,0.9549,True
ys,20260829_010654.png,ys_0043,0.8774,True
ys,20260829_010742.png,ys_0042,0.9506,True
ys,20260829_010825.png,ys_0041,0.883,True
ys,20260829_010844.png,ys_0041,0.9872,True
ys,20260829_010901.png,ys_0041,0.872,True
ys,20260829_010920.png,ys_0041,0.892,True
ys,20260829_010952.png,ys_0041,0.8885,True
ys,20260829_011010.png,ys_0040,0.9814,True
ys,20260829_011028.png,ys_0040,0.9704,True
ys,20260829_011044.png,ys_0040,0.902,True
ys,20260829_011107.png,ys_0040,0.9053,True
ys,20260829_011140.png,ys_0039,0.9779,True
ys,20260829_011156.png,ys_0039,0.8727,True
ys,20260829_011211.png,ys_0039,0.9446,True
ys,20260829_011228.png,ys_0039,0.9152,True
ys,20260829_011250.png,ys_0039,0.8579,True
ys,20260829_011308.png,ys_0039,0.9136,True
ys,20260829_011325.png,ys_0039,0.9867,True
ys,20260829_011338.png,ys_0039,0.9447,True
ys,20260829_011407.png,ys_0039,0.9212,True
ys,20260829_011426.png,ys_0039,0.9345,True
ys,20260829_011453.png,ys_0039,0.8984,True
ys,20260829_011531.png,ys_0039,0.9709,True
ys,20260829_011633.png,ys_0038,0.9928,True
ys,20260829_011649.png,ys_0038,0.9662,True
ys,20260829_011708.png,ys_0038,0.9629,True
ys,20260829_011722.png,ys_0038,0.9729,True
ys,20260829_011736.png,ys_0038,0.9845,True
ys,20260829_011750.png,ys_0038,0.9432,True
ys,20260829_011821.png,ys_0036,0.977,True
ys,20260829_011846.png,ys_0036,0.8921,True
ys,20260829_011905.png,ys_0036,0.9007,True
ys,20260829_011936.png,ys_0036,0.751,True
ys,20260829_011955.png,ys_0036,0.8982,True
ys,20260829_012032.png,ys_0034,0.954,True
ys,20260829_012128.png,ys_0032,0.9428,True
ys,20260829_012210.png,ys_0030,0.9403,True
ys,20260829_012225.png,ys_0030,0.9094,True
ys,20260829_012244.png,ys_0030,0.8641,True
ys,20260829_012255.png,ys_0030,0.978,True
ys,20260829_012318.png,ys_0029,0.8895,True
ys,20260829_012334.png,ys_0029,0.9367,True
ys,20260829_012358.png,ys_0029,0.9576,True
ys,20260829_012416.png,ys_0029,0.8129,True
ys,20260829_012430.png,ys_0029,0.8983,True
ys,20260829_012500.png,ys_0028,0.9928,True
ys,20260829_012511.png,ys_0028,0.9323,True
ys,20260829_012529.png,ys_0028,0.7005,True
ys,20260829_012609.png,ys_0024,0.5657,True
ys,20260829_012620.png,ys_0026,0.976,True
ys,20260829_012633.png,ys_0026,0.9227,True
ys,20260829_012649.png,ys_0026,0.9192,True
ys,20260829_012719.png,ys_0026,0.9613,True
ys,20260829_012745.png,ys_0025,0.9783,True
ys,20260829_012810.png,ys_0025,0.921,True
ys,20260829_012833.png,ys_0024,0.9308,True
ys,20260829_012843.png,ys_0024,0.9946,True
ys,20260829_012855.png,ys_0024,0.9709,True
ys,20260829_012924.png,ys_0023,0.975,True
ys,20260829_012938.png,ys_0023,0.9625,True
ys,20260829_013000.png,ys_0022,0.9054,True
ys,20260829_013054.png,ys_0019,0.888,True
ys,20260829_013225.png,ys_0013,0.9194,True
ys,20260829_013236.png,ys_0013,0.9499,True
ys,20260829_013250.png,ys_0013,0.9704,True
ys,20260829_013313.png,ys_0012,0.9682,True
ys,20260829_013333.png,ys_0012,0.9512,True
ys,20260829_013408.png,ys_0002,0.466,False
ys,20260829_013427.png,ys_0011,0.9332,True
ys,20260829_013457.png,ys_0011,0.8438,True
ys,20260829_013604.png,ys_0010,0.901,True
ys,20260829_013700.png,ys_0010,0.948,True
ys,20260829_013713.png,ys_0010,0.9391,True
ys,20260829_013758.png,ys_0010,0.9066,True
ys,20260829_013824.png,ys_0009,0.9907,True
ys,20260829_013854.png,ys_0008,0.9387,True
ys,20260829_013954.png,ys_0004,0.953,True
ys,20260829_014032.png,ys_0001,0.9505,True
